model,strategy,roc_auc,pr_auc,brier,oof_balanced_accuracy,oof_precision,oof_recall_sensitivity,oof_f1,oof_mcc,oof_bal_acc_at_tuned_thr,tuned_thr
HistGradientBoosting,class_weight,0.9792323161873306,0.8882573767608454,0.05731720589262508,0.9128690879289522,0.48821733343772017,0.9189507810197466,0.6376604120865075,0.629332442419645,0.913036311369702,0.45591
HistGradientBoosting,none,0.9791775990603784,0.8879064771693227,0.023409682958871098,0.839724661484005,0.9775756293632325,0.6809608016504568,0.8027447233562061,0.8023938720676673,0.9131922047509847,0.09265
HistGradientBoosting,oversample,0.9783240759687212,0.8853658917797017,0.05396079359697029,0.9091442363218425,0.5033617579534273,0.9046566460359564,0.6468233062901696,0.6353855271251269,0.910747048899839,0.45111
HistGradientBoosting,smote,0.9775965241428396,0.8822116410136057,0.028413954096703744,0.869335834939861,0.8126485972420352,0.75552608311229,0.7830469644902635,0.7634949110745416,0.9106454040618179,0.17154
HistGradientBoosting,undersample,0.977642184786798,0.88059482648773,0.06455363485441659,0.9119639544412257,0.47031929245990106,0.9246979074565281,0.6235095389507154,0.6171600763631532,0.9120720333745898,0.4265
RandomForest,class_weight,0.9756897888133229,0.880281844917346,0.054947701040270684,0.9049204124259318,0.5119661733615222,0.8921308576480991,0.6505829885551555,0.6367918064479746,0.9063484537935926,0.4198
RandomForest,oversample,0.9754907321500398,0.8798959192521524,0.05685343912952471,0.9059521496623528,0.5030137891173313,0.8977306218685529,0.6447584272635868,0.6322217443923412,0.9065994171323191,0.46621
RandomForest,smote,0.9749186996789971,0.87788240418039,0.05431057647451248,0.9032613193744983,0.5149209063702437,0.8874152667256116,0.6516963367783128,0.6370618078719339,0.9059778146004711,0.3932
RandomForest,undersample,0.9751291473386401,0.8775598327827205,0.0658802595564028,0.9066686309358785,0.45956316410861864,0.9177718832891246,0.6124496017307504,0.6054893759125786,0.9074143766267261,0.52365
RandomForest,none,0.9713669151505042,0.8763517572923426,0.02455268035587914,0.8334093993853947,0.9977954144620811,0.6669613910993222,0.7995053877406818,0.8028249660630093,0.9044312320653795,0.0907
LogisticRegression,none,0.9618350823692383,0.8198701356787886,0.03278555035986978,0.8104238081027492,0.864417053950293,0.6304155614500442,0.7291009799744355,0.7176595006256045,0.8830484029301988,0.08434
LogisticRegression,class_weight,0.9621937653237899,0.8189996027857721,0.07852013151192304,0.8850163535708115,0.4314841498559078,0.8825523135867963,0.5795993419142553,0.567909276668724,0.8854713231193856,0.44923
LogisticRegression,oversample,0.9621625173055521,0.8189297269695918,0.07830382330526842,0.8843936163519991,0.431572109138155,0.881078691423519,0.579360465116279,0.5674055085127376,0.8854713231193856,0.44766
LogisticRegression,smote,0.9621630300159583,0.8188694077139559,0.07800456159877671,0.8844648873009995,0.432729905865315,0.8806366047745358,0.580306855700136,0.5682158701339619,0.885552133843976,0.44529
LogisticRegression,undersample,0.9621365602906041,0.818498857896697,0.08006463958046017,0.8844983773766282,0.4256737588652482,0.8844680223990569,0.5747390596571866,0.5636878304339132,0.8850281269987037,0.51494
